{"cameraMode":{"drawMode":0,"name":"Shaded","section":"Shading Mode"},"sceneLighting":true,"audioPlay":false,"sceneViewState":{"showFog":false,"showMaterialUpdate":false,"showSkybox":false,"showFlares":false,"showImageEffects":false,"showParticleSystems":false},"in2DMode":false,"pivot":{"x":-30.15188217163086,"y":-10.475268363952637,"z":-9.605596542358399},"rotation":{"x":-0.11517331004142761,"y":0.8035789132118225,"z":-0.16524536907672883,"w":-0.5600816607475281},"size":74.95504760742188,"orthographic":false}