{"cameraMode":{"drawMode":0,"name":"Shaded","section":"Shading Mode"},"sceneLighting":true,"audioPlay":false,"sceneViewState":{"showFog":false,"showMaterialUpdate":false,"showSkybox":false,"showFlares":false,"showImageEffects":false,"showParticleSystems":false},"in2DMode":false,"pivot":{"x":46.37606430053711,"y":-35.93074417114258,"z":-25.58062744140625},"rotation":{"x":-0.2599490284919739,"y":0.7272963523864746,"z":-0.3624325394630432,"w":-0.5216415524482727},"size":93.50920104980469,"orthographic":false}